Time,FPR
0,0.0
1,0.0
2,0.0
3,0.01
4,0.01
5,0.0
6,0.01
7,0.04
8,0.02
9,0.0
10,0.01
11,0.04
12,0.010101010101010102
13,0.01
14,0.04
15,0.01
16,0.010101010101010102
17,0.01
18,0.01
19,0.01
20,0.02
21,0.02
22,0.04
23,0.02
24,0.06
25,0.03
26,0.04
27,0.05
28,0.09
29,0.04
